Workbook

Sheet Dashboard
A1: PHASE 2 ANALYTICS DASHBOARD TEMPLATE
A3: Metric | B3: Value | D3: Channel Summary
A4: Total Impressions | B4: =SUM(Campaign_Data!D2:D21) -> 54200 | D4: Channel | E4: Impressions | F4: Clicks | G4: Conversions | H4: Revenue
A5: Total Clicks | B5: =SUM(Campaign_Data!E2:E21) -> 1635 | D5: Instagram | E5: =SUMIF(Campaign_Data!B:B,D5,Campaign_Data!D:D) -> 9400 | F5: =SUMIF(Campaign_Data!B:B,D5,Campaign_Data!E:E) -> 305 | G5: =SUMIF(Campaign_Data!B:B,D5,Campaign_Data!G:G) -> 44 | H5: =SUMIF(Campaign_Data!B:B,D5,Campaign_Data!H:H) -> 792
A6: CTR | B6: =IFERROR(B5/B4,0) -> 0.030166052 | D6: Facebook | E6: =SUMIF(Campaign_Data!B:B,D6,Campaign_Data!D:D) -> 10120 | F6: =SUMIF(Campaign_Data!B:B,D6,Campaign_Data!E:E) -> 333 | G6: =SUMIF(Campaign_Data!B:B,D6,Campaign_Data!G:G) -> 38 | H6: =SUMIF(Campaign_Data!B:B,D6,Campaign_Data!H:H) -> 836
A7: Conversion Rate | B7: =IFERROR(SUM(Campaign_Data!G2:G21)/B5,0) -> 0.1088685 | D7: Google Ads | E7: =SUMIF(Campaign_Data!B:B,D7,Campaign_Data!D:D) -> 10840 | F7: =SUMIF(Campaign_Data!B:B,D7,Campaign_Data!E:E) -> 361 | G7: =SUMIF(Campaign_Data!B:B,D7,Campaign_Data!G:G) -> 32 | H7: =SUMIF(Campaign_Data!B:B,D7,Campaign_Data!H:H) -> 832
A8: Bounce Rate | B8: 0.48 | D8: Twitter | E8: 10001 | F8: 350 | G8: 34 | H8: 829
A9: ROAS | B9: =IFERROR(SUM(Campaign_Data!H2:H21)/SUM(Campaign_Data!F2:F21),0) -> 5.0580357 | D9: Organic Social | E9: =SUMIF(Campaign_Data!B:B,D9,Campaign_Data!D:D) -> 12280 | F9: =SUMIF(Campaign_Data!B:B,D9,Campaign_Data!E:E) -> 332 | G9: =SUMIF(Campaign_Data!B:B,D9,Campaign_Data!G:G) -> 38 | H9: =SUMIF(Campaign_Data!B:B,D9,Campaign_Data!H:H) -> 1292
A10: Cost per Conversion | B10: =IFERROR(SUM(Campaign_Data!F2:F21)/SUM(Campaign_Data!G2:G21),0) -> 5.0337079
A12: Student Notes: Fill Campaign_Data with your campaign results or estimates. Update UTM_Builder and Event_Tracking for your project.

Sheet Campaign_Data
A1: Date | B1: Channel | C1: Campaign | D1: Impressions | E1: Clicks | F1: Cost (€) | G1: Conversions | H1: Revenue (€) | I1: CTR | J1: CPC | K1: ROAS
A2: 46023 | B2: Instagram | C2: phase2_campaign_1 | D2: 1000 | E2: 45 | F2: 20 | G2: 2 | H2: 36 | I2: =IFERROR(E2/D2,0) -> 0.045 | J2: =IFERROR(F2/E2,0) -> 0.44444444 | K2: =IFERROR(H2/F2,0) -> 1.8
A3: 46024 | B3: Facebook | C3: phase2_campaign_2 | D3: 1180 | E3: 52 | F3: 29 | G3: 5 | H3: 110 | I3: =IFERROR(E3/D3,0) -> 0.044067797 | J3: =IFERROR(F3/E3,0) -> 0.55769231 | K3: =IFERROR(H3/F3,0) -> 3.7931034
A4: 46025 | B4: Google Ads | C4: phase2_campaign_3 | D4: 1360 | E4: 59 | F4: 38 | G4: 8 | H4: 208 | I4: =IFERROR(E4/D4,0) -> 0.043382353 | J4: =IFERROR(F4/E4,0) -> 0.6440678 | K4: =IFERROR(H4/F4,0) -> 5.4736842
A5: 46026 | B5: LinkedIn | C5: phase2_campaign_4 | D5: 1540 | E5: 66 | F5: 47 | G5: 11 | H5: 330 | I5: =IFERROR(E5/D5,0) -> 0.042857143 | J5: =IFERROR(F5/E5,0) -> 0.71212121 | K5: =IFERROR(H5/F5,0) -> 7.0212766
A6: 46027 | B6: Organic Social | C6: phase2_campaign_1 | D6: 1720 | E6: 73 | F6: 0 | G6: 14 | H6: 476 | I6: =IFERROR(E6/D6,0) -> 0.04244186 | J6: =IFERROR(F6/E6,0) -> 0 | K6: =IFERROR(H6/F6,0) -> 0
A7: 46028 | B7: Instagram | C7: phase2_campaign_2 | D7: 1900 | E7: 80 | F7: 65 | G7: 17 | H7: 306 | I7: =IFERROR(E7/D7,0) -> 0.042105263 | J7: =IFERROR(F7/E7,0) -> 0.8125 | K7: =IFERROR(H7/F7,0) -> 4.7076923
A8: 46029 | B8: Facebook | C8: phase2_campaign_3 | D8: 2080 | E8: 87 | F8: 74 | G8: 2 | H8: 44 | I8: =IFERROR(E8/D8,0) -> 0.041826923 | J8: =IFERROR(F8/E8,0) -> 0.85057471 | K8: =IFERROR(H8/F8,0) -> 0.59459459
A9: 46030 | B9: Google Ads | C9: phase2_campaign_4 | D9: 2260 | E9: 94 | F9: 83 | G9: 5 | H9: 130 | I9: =IFERROR(E9/D9,0) -> 0.04159292 | J9: =IFERROR(F9/E9,0) -> 0.88297872 | K9: =IFERROR(H9/F9,0) -> 1.5662651
A10: 46031 | B10: LinkedIn | C10: phase2_campaign_1 | D10: 2440 | E10: 101 | F10: 92 | G10: 8 | H10: 240 | I10: =IFERROR(E10/D10,0) -> 0.041393443 | J10: =IFERROR(F10/E10,0) -> 0.91089109 | K10: =IFERROR(H10/F10,0) -> 2.6086957
A11: 46032 | B11: Organic Social | C11: phase2_campaign_2 | D11: 2620 | E11: 108 | F11: 0 | G11: 11 | H11: 374 | I11: =IFERROR(E11/D11,0) -> 0.041221374 | J11: =IFERROR(F11/E11,0) -> 0 | K11: =IFERROR(H11/F11,0) -> 0
A12: 46033 | B12: Instagram | C12: phase2_campaign_3 | D12: 2800 | E12: 115 | F12: 20 | G12: 14 | H12: 252 | I12: =IFERROR(E12/D12,0) -> 0.041071429 | J12: =IFERROR(F12/E12,0) -> 0.17391304 | K12: =IFERROR(H12/F12,0) -> 12.6
A13: 46034 | B13: Facebook | C13: phase2_campaign_4 | D13: 2980 | E13: 122 | F13: 29 | G13: 17 | H13: 374 | I13: =IFERROR(E13/D13,0) -> 0.040939597 | J13: =IFERROR(F13/E13,0) -> 0.23770492 | K13: =IFERROR(H13/F13,0) -> 12.896552
... A21: 46042 | B21: Organic Social | C21: phase2_campaign_4 | D21: 4420 | E21: 93 | F21: 0 | G21: 5 | H21: 170 | I21: =IFERROR(E21/D21,0) -> 0.021040724 | J21: =IFERROR(F21/E21,0) -> 0 | K21: =IFERROR(H21/F21,0) -> 0

Sheet UTM_Builder
A1: Base URL | B1: utm_source | C1: utm_medium | D1: utm_campaign | E1: Final URL | F1: Notes
A2: https://example.com/product.html | B2: instagram | C2: social | D2: phase2_launch | E2: =A2&"?utm_source="&B2&"&utm_medium="&C2&"&utm_campaign="&D2 -> https://example.com/product.html?utm_source=instagram&utm_medium=social&utm_campaign=phase2_launch | F2: Organic post
A3: https://example.com/product.html | B3: facebook | C3: cpc | D3: phase2_paid | E3: =A3&"?utm_source="&B3&"&utm_medium="&C3&"&utm_campaign="&D3 -> https://example.com/product.html?utm_source=facebook&utm_medium=cpc&utm_campaign=phase2_paid | F3: Paid ad
A4: https://example.com/category.html | B4: google | C4: cpc | D4: search_campaign | E4: =A4&"?utm_source="&B4&"&utm_medium="&C4&"&utm_campaign="&D4 -> https://example.com/category.html?utm_source=google&utm_medium=cpc&utm_campaign=search_campaign | F4: Google Ads
A5: https://example.com/index.html | B5: linkedin | C5: social | D5: b2b_awareness | E5: =A5&"?utm_source="&B5&"&utm_medium="&C5&"&utm_campaign="&D5 -> https://example.com/index.html?utm_source=linkedin&utm_medium=social&utm_campaign=b2b_awareness | F5: LinkedIn post

Sheet Event_Tracking
A1: Event Name | B1: Trigger | C1: Element/Class | D1: Page | E1: Purpose | F1: JS Example
A2: cta_click | B2: Click | C2: .cta | D2: product.html | E2: Measure primary CTA | F2: document.querySelector('.cta').addEventListener('click',()=>console.log('cta_click'));
A3: add_to_cart | B3: Click | C3: .add-to-cart | D3: product.html | E3: Measure cart intent | F3: console.log('add_to_cart');
A4: newsletter_signup | B4: Submit | C4: #newsletter | D4: index.html | E4: Measure leads | F4: console.log('newsletter_signup');
A5: share_click | B5: Click | C5: .share-btn | D5: product.html | E5: Measure social sharing | F5: console.log('share_click');

Sheet KPI_Targets
A1: KPI | B1: Target | C1: Actual | D1: Status
A2: CTR | B2: 0.035 | C2: =Dashboard!B6 -> 0.030166052 | D2: =IF(C2>=B2,"OK","Needs improvement") -> Needs improvement
A3: Conversion Rate | B3: 0.04 | C3: =Dashboard!B7 -> 0.1088685 | D3: =IF(C3>=B3,"OK","Needs improvement") -> OK
A4: Bounce Rate | B4: 0.55 | C4: =Dashboard!B8 -> 0.48 | D4: =IF(C4>=B4,"OK","Needs improvement") -> Needs improvement
A5: ROAS | B5: 3 | C5: =Dashboard!B9 -> 5.0580357 | D5: =IF(C5>=B5,"OK","Needs improvement") -> OK
A6: Cost per Conversion | B6: 12 | C6: =Dashboard!B10 -> 5.0337079 | D6: =IF(C6>=B6,"OK","Needs improvement") -> Needs improvement
